ERLANG;TOTAL VOLUME;BPR;BPS;BPSK;QPSK;QAM8;QAM16;QAM32;QAM64
300;15894430,000000;0,034533;0,085841;48273.71666667081;106429.0333333378;19859.633333333477;544.6166666666642;8.0;0.0
400;15885200,000000;0,044395;0,182523;37124.33333333195;88474.06666666993;30552.666666663914;695.433333333331;9.5;0.0
500;15873990,000000;0,055847;0,218136;29931.19999999751;78662.28333333298;36999.01666666588;2334.999999999999;39.5;0.0
600;15873660,000000;0,058270;0,242480;23897.666666665373;69549.16666666685;44357.73333333456;5579.433333333322;208.0;0.0
700;15881760,000000;0,059009;0,257555;18985.2833333337;60629.883333334685;48836.50000000182;9644.166666666646;788.1666666666667;0.0
28.13333333385;56864.883333334365;20584.633333333226;10098.883333333346;90.58333333333334
